period,pm25_median,exceedance_share
pre_war,8.585,0.2867059527458809
wartime,6.018174999999999,0.14377886635597054
